feature,auc,nan,delta
mean_amount_bank_otkazmasi_chiqim,0.4272037983319703,0.012714285714285714,-0.07279620166802969
mean_amount_bank_otkazmasi_kirim,0.4397355142912873,0.0065,-0.06026448570871268
mean_amount_xalqaro_chiqim,0.44730682764689145,0.6420714285714286,-0.05269317235310855
share_amount>2,0.4513941685739875,0.0,-0.04860583142601249
amount_max,0.45227012862200444,0.0,-0.04772987137799556
amount_q90,0.4550860064960971,0.0,-0.044913993503902905
amount_std,0.45621681193170216,0.009928571428571429,-0.04378318806829784
amount_mean,0.46069567228687536,0.0,-0.03930432771312464
n_passthrough_24h,0.5382409923619715,0.007571428571428572,0.03824099236197154
n_outgoing,0.5341469425813116,0.007571428571428572,0.03414694258131157
tx_per_day_pre,0.532179855829144,0.007142857142857143,0.032179855829143955
n_tx,0.5306309354433546,0.0,0.0306309354433546
mean_amount_karta_kirim,0.4720367885289238,0.008,-0.02796321147107622
share_naqd_chiqim,0.5277608367647177,0.0,0.027760836764717745
burst_share_outgoing,0.5254618735647661,0.009428571428571429,0.025461873564766146
share_naqd_kirim,0.5215495782378059,0.0,0.0215495782378059
mean_amount_naqd_chiqim,0.47873739061188975,0.08435714285714285,-0.021262609388110254
share_xalqaro_chiqim,0.5209070150855403,0.0,0.02090701508554027
burst_n,0.51371189280633,0.0,0.013711892806330006
weekend_share,0.49434488125303133,0.0,-0.005655118746968668
recent30_vs_old60_ratio,0.5010416885190495,0.0,0.0010416885190495107
